-- phpMyAdmin SQL Dump
-- version 5.2.1
-- https://www.phpmyadmin.net/
--
-- Servidor: 127.0.0.1:3307
-- Tiempo de generación: 08-05-2026 a las 18:04:47
-- Versión del servidor: 8.0.45
-- Versión de PHP: 8.2.12

SET SQL_MODE = "NO_AUTO_VALUE_ON_ZERO";
START TRANSACTION;
SET time_zone = "+00:00";


/*!40101 SET @OLD_CHARACTER_SET_CLIENT=@@CHARACTER_SET_CLIENT */;
/*!40101 SET @OLD_CHARACTER_SET_RESULTS=@@CHARACTER_SET_RESULTS */;
/*!40101 SET @OLD_COLLATION_CONNECTION=@@COLLATION_CONNECTION */;
/*!40101 SET NAMES utf8mb4 */;

--
-- Base de datos: `financiera`
--
CREATE DATABASE IF NOT EXISTS `financiera` DEFAULT CHARACTER SET utf8mb4 COLLATE utf8mb4_0900_ai_ci;
USE `financiera`;

-- --------------------------------------------------------

--
-- Estructura de tabla para la tabla `analista`
--

CREATE TABLE `analista` (
  `id_analista` int NOT NULL,
  `nombre` varchar(100) NOT NULL,
  `apellido` varchar(100) NOT NULL,
  `departamento` varchar(100) DEFAULT NULL
) ENGINE=InnoDB DEFAULT CHARSET=utf8mb4 COLLATE=utf8mb4_0900_ai_ci;

-- --------------------------------------------------------

--
-- Estructura de tabla para la tabla `caja`
--

CREATE TABLE `caja` (
  `id_caja` int NOT NULL,
  `numero_caja` varchar(20) NOT NULL,
  `estado` varchar(50) DEFAULT NULL,
  `id_sucursal` int NOT NULL,
  `id_cajero` int DEFAULT NULL
) ENGINE=InnoDB DEFAULT CHARSET=utf8mb4 COLLATE=utf8mb4_0900_ai_ci;

-- --------------------------------------------------------

--
-- Estructura de tabla para la tabla `cajero`
--

CREATE TABLE `cajero` (
  `id_cajero` int NOT NULL,
  `nombre` varchar(100) NOT NULL,
  `apellido` varchar(100) NOT NULL,
  `telefono` varchar(20) DEFAULT NULL,
  `id_sucursal` int NOT NULL
) ENGINE=InnoDB DEFAULT CHARSET=utf8mb4 COLLATE=utf8mb4_0900_ai_ci;

-- --------------------------------------------------------

--
-- Estructura de tabla para la tabla `ciudad`
--

CREATE TABLE `ciudad` (
  `id_ciudad` int NOT NULL,
  `nombre_ciudad` varchar(100) NOT NULL,
  `id_region` int NOT NULL
) ENGINE=InnoDB DEFAULT CHARSET=utf8mb4 COLLATE=utf8mb4_0900_ai_ci;

-- --------------------------------------------------------

--
-- Estructura de tabla para la tabla `cliente`
--

CREATE TABLE `cliente` (
  `id_cliente` int NOT NULL,
  `nombre` varchar(100) NOT NULL,
  `apellido` varchar(100) NOT NULL,
  `cedula` varchar(20) NOT NULL,
  `telefono` varchar(20) DEFAULT NULL,
  `direccion` varchar(150) DEFAULT NULL
) ENGINE=InnoDB DEFAULT CHARSET=utf8mb4 COLLATE=utf8mb4_0900_ai_ci;

--
-- Volcado de datos para la tabla `cliente`
--

INSERT INTO `cliente` (`id_cliente`, `nombre`, `apellido`, `cedula`, `telefono`, `direccion`) VALUES
(1, 'Gracia', 'Mosquea', '001-1234567-8', '8091234567', 'San Cristobal');

-- --------------------------------------------------------

--
-- Estructura de tabla para la tabla `garantia`
--

CREATE TABLE `garantia` (
  `id_garantia` int NOT NULL,
  `tipo_garantia` varchar(100) NOT NULL,
  `descripcion` varchar(150) DEFAULT NULL,
  `valor` decimal(10,2) DEFAULT NULL,
  `id_cliente` int NOT NULL
) ENGINE=InnoDB DEFAULT CHARSET=utf8mb4 COLLATE=utf8mb4_0900_ai_ci;

-- --------------------------------------------------------

--
-- Estructura de tabla para la tabla `pago`
--

CREATE TABLE `pago` (
  `id_pago` int NOT NULL,
  `fecha_pago` date NOT NULL,
  `monto_pago` decimal(10,2) NOT NULL,
  `metodo_pago` varchar(50) DEFAULT NULL,
  `id_prestamo` int NOT NULL,
  `id_caja` int NOT NULL
) ENGINE=InnoDB DEFAULT CHARSET=utf8mb4 COLLATE=utf8mb4_0900_ai_ci;

-- --------------------------------------------------------

--
-- Estructura de tabla para la tabla `pais`
--

CREATE TABLE `pais` (
  `id_pais` int NOT NULL,
  `nombre_pais` varchar(100) NOT NULL
) ENGINE=InnoDB DEFAULT CHARSET=utf8mb4 COLLATE=utf8mb4_0900_ai_ci;

-- --------------------------------------------------------

--
-- Estructura de tabla para la tabla `prestamo`
--

CREATE TABLE `prestamo` (
  `id_prestamo` int NOT NULL,
  `fecha_prestamo` date NOT NULL,
  `monto_aprobado` decimal(10,2) NOT NULL,
  `interes` decimal(5,2) DEFAULT NULL,
  `plazo_meses` int DEFAULT NULL,
  `saldo` decimal(10,2) DEFAULT NULL,
  `id_solicitud` int NOT NULL
) ENGINE=InnoDB DEFAULT CHARSET=utf8mb4 COLLATE=utf8mb4_0900_ai_ci;

-- --------------------------------------------------------

--
-- Estructura de tabla para la tabla `recibo`
--

CREATE TABLE `recibo` (
  `id_recibo` int NOT NULL,
  `numero_recibo` varchar(50) NOT NULL,
  `fecha_emision` date NOT NULL,
  `id_pago` int NOT NULL
) ENGINE=InnoDB DEFAULT CHARSET=utf8mb4 COLLATE=utf8mb4_0900_ai_ci;

-- --------------------------------------------------------

--
-- Estructura de tabla para la tabla `region`
--

CREATE TABLE `region` (
  `id_region` int NOT NULL,
  `nombre_region` varchar(100) NOT NULL,
  `id_pais` int NOT NULL
) ENGINE=InnoDB DEFAULT CHARSET=utf8mb4 COLLATE=utf8mb4_0900_ai_ci;

-- --------------------------------------------------------

--
-- Estructura de tabla para la tabla `solicitud`
--

CREATE TABLE `solicitud` (
  `id_solicitud` int NOT NULL,
  `fecha_solicitud` date NOT NULL,
  `monto_solicitado` decimal(10,2) NOT NULL,
  `estado` varchar(50) DEFAULT NULL,
  `id_cliente` int NOT NULL,
  `id_analista` int NOT NULL
) ENGINE=InnoDB DEFAULT CHARSET=utf8mb4 COLLATE=utf8mb4_0900_ai_ci;

-- --------------------------------------------------------

--
-- Estructura de tabla para la tabla `sucursal`
--

CREATE TABLE `sucursal` (
  `id_sucursal` int NOT NULL,
  `nombre_sucursal` varchar(100) NOT NULL,
  `direccion` varchar(150) DEFAULT NULL,
  `id_ciudad` int NOT NULL
) ENGINE=InnoDB DEFAULT CHARSET=utf8mb4 COLLATE=utf8mb4_0900_ai_ci;

--
-- Índices para tablas volcadas
--

--
-- Indices de la tabla `analista`
--
ALTER TABLE `analista`
  ADD PRIMARY KEY (`id_analista`);

--
-- Indices de la tabla `caja`
--
ALTER TABLE `caja`
  ADD PRIMARY KEY (`id_caja`),
  ADD KEY `id_sucursal` (`id_sucursal`),
  ADD KEY `id_cajero` (`id_cajero`);

--
-- Indices de la tabla `cajero`
--
ALTER TABLE `cajero`
  ADD PRIMARY KEY (`id_cajero`),
  ADD KEY `id_sucursal` (`id_sucursal`);

--
-- Indices de la tabla `ciudad`
--
ALTER TABLE `ciudad`
  ADD PRIMARY KEY (`id_ciudad`),
  ADD KEY `id_region` (`id_region`);

--
-- Indices de la tabla `cliente`
--
ALTER TABLE `cliente`
  ADD PRIMARY KEY (`id_cliente`),
  ADD UNIQUE KEY `cedula` (`cedula`);

--
-- Indices de la tabla `garantia`
--
ALTER TABLE `garantia`
  ADD PRIMARY KEY (`id_garantia`),
  ADD KEY `id_cliente` (`id_cliente`);

--
-- Indices de la tabla `pago`
--
ALTER TABLE `pago`
  ADD PRIMARY KEY (`id_pago`),
  ADD KEY `id_prestamo` (`id_prestamo`),
  ADD KEY `id_caja` (`id_caja`);

--
-- Indices de la tabla `pais`
--
ALTER TABLE `pais`
  ADD PRIMARY KEY (`id_pais`);

--
-- Indices de la tabla `prestamo`
--
ALTER TABLE `prestamo`
  ADD PRIMARY KEY (`id_prestamo`),
  ADD UNIQUE KEY `id_solicitud` (`id_solicitud`);

--
-- Indices de la tabla `recibo`
--
ALTER TABLE `recibo`
  ADD PRIMARY KEY (`id_recibo`),
  ADD UNIQUE KEY `numero_recibo` (`numero_recibo`),
  ADD UNIQUE KEY `id_pago` (`id_pago`);

--
-- Indices de la tabla `region`
--
ALTER TABLE `region`
  ADD PRIMARY KEY (`id_region`),
  ADD KEY `id_pais` (`id_pais`);

--
-- Indices de la tabla `solicitud`
--
ALTER TABLE `solicitud`
  ADD PRIMARY KEY (`id_solicitud`),
  ADD KEY `id_cliente` (`id_cliente`),
  ADD KEY `id_analista` (`id_analista`);

--
-- Indices de la tabla `sucursal`
--
ALTER TABLE `sucursal`
  ADD PRIMARY KEY (`id_sucursal`),
  ADD KEY `id_ciudad` (`id_ciudad`);

--
-- AUTO_INCREMENT de las tablas volcadas
--

--
-- AUTO_INCREMENT de la tabla `analista`
--
ALTER TABLE `analista`
  MODIFY `id_analista` int NOT NULL AUTO_INCREMENT;

--
-- AUTO_INCREMENT de la tabla `caja`
--
ALTER TABLE `caja`
  MODIFY `id_caja` int NOT NULL AUTO_INCREMENT;

--
-- AUTO_INCREMENT de la tabla `cajero`
--
ALTER TABLE `cajero`
  MODIFY `id_cajero` int NOT NULL AUTO_INCREMENT;

--
-- AUTO_INCREMENT de la tabla `ciudad`
--
ALTER TABLE `ciudad`
  MODIFY `id_ciudad` int NOT NULL AUTO_INCREMENT;

--
-- AUTO_INCREMENT de la tabla `cliente`
--
ALTER TABLE `cliente`
  MODIFY `id_cliente` int NOT NULL AUTO_INCREMENT, AUTO_INCREMENT=2;

--
-- AUTO_INCREMENT de la tabla `garantia`
--
ALTER TABLE `garantia`
  MODIFY `id_garantia` int NOT NULL AUTO_INCREMENT;

--
-- AUTO_INCREMENT de la tabla `pago`
--
ALTER TABLE `pago`
  MODIFY `id_pago` int NOT NULL AUTO_INCREMENT;

--
-- AUTO_INCREMENT de la tabla `pais`
--
ALTER TABLE `pais`
  MODIFY `id_pais` int NOT NULL AUTO_INCREMENT;

--
-- AUTO_INCREMENT de la tabla `prestamo`
--
ALTER TABLE `prestamo`
  MODIFY `id_prestamo` int NOT NULL AUTO_INCREMENT;

--
-- AUTO_INCREMENT de la tabla `recibo`
--
ALTER TABLE `recibo`
  MODIFY `id_recibo` int NOT NULL AUTO_INCREMENT;

--
-- AUTO_INCREMENT de la tabla `region`
--
ALTER TABLE `region`
  MODIFY `id_region` int NOT NULL AUTO_INCREMENT;

--
-- AUTO_INCREMENT de la tabla `solicitud`
--
ALTER TABLE `solicitud`
  MODIFY `id_solicitud` int NOT NULL AUTO_INCREMENT;

--
-- AUTO_INCREMENT de la tabla `sucursal`
--
ALTER TABLE `sucursal`
  MODIFY `id_sucursal` int NOT NULL AUTO_INCREMENT;

--
-- Restricciones para tablas volcadas
--

--
-- Filtros para la tabla `caja`
--
ALTER TABLE `caja`
  ADD CONSTRAINT `caja_ibfk_1` FOREIGN KEY (`id_sucursal`) REFERENCES `sucursal` (`id_sucursal`),
  ADD CONSTRAINT `caja_ibfk_2` FOREIGN KEY (`id_cajero`) REFERENCES `cajero` (`id_cajero`);

--
-- Filtros para la tabla `cajero`
--
ALTER TABLE `cajero`
  ADD CONSTRAINT `cajero_ibfk_1` FOREIGN KEY (`id_sucursal`) REFERENCES `sucursal` (`id_sucursal`);

--
-- Filtros para la tabla `ciudad`
--
ALTER TABLE `ciudad`
  ADD CONSTRAINT `ciudad_ibfk_1` FOREIGN KEY (`id_region`) REFERENCES `region` (`id_region`);

--
-- Filtros para la tabla `garantia`
--
ALTER TABLE `garantia`
  ADD CONSTRAINT `garantia_ibfk_1` FOREIGN KEY (`id_cliente`) REFERENCES `cliente` (`id_cliente`);

--
-- Filtros para la tabla `pago`
--
ALTER TABLE `pago`
  ADD CONSTRAINT `pago_ibfk_1` FOREIGN KEY (`id_prestamo`) REFERENCES `prestamo` (`id_prestamo`),
  ADD CONSTRAINT `pago_ibfk_2` FOREIGN KEY (`id_caja`) REFERENCES `caja` (`id_caja`);

--
-- Filtros para la tabla `prestamo`
--
ALTER TABLE `prestamo`
  ADD CONSTRAINT `prestamo_ibfk_1` FOREIGN KEY (`id_solicitud`) REFERENCES `solicitud` (`id_solicitud`);

--
-- Filtros para la tabla `recibo`
--
ALTER TABLE `recibo`
  ADD CONSTRAINT `recibo_ibfk_1` FOREIGN KEY (`id_pago`) REFERENCES `pago` (`id_pago`);

--
-- Filtros para la tabla `region`
--
ALTER TABLE `region`
  ADD CONSTRAINT `region_ibfk_1` FOREIGN KEY (`id_pais`) REFERENCES `pais` (`id_pais`);

--
-- Filtros para la tabla `solicitud`
--
ALTER TABLE `solicitud`
  ADD CONSTRAINT `solicitud_ibfk_1` FOREIGN KEY (`id_cliente`) REFERENCES `cliente` (`id_cliente`),
  ADD CONSTRAINT `solicitud_ibfk_2` FOREIGN KEY (`id_analista`) REFERENCES `analista` (`id_analista`);

--
-- Filtros para la tabla `sucursal`
--
ALTER TABLE `sucursal`
  ADD CONSTRAINT `sucursal_ibfk_1` FOREIGN KEY (`id_ciudad`) REFERENCES `ciudad` (`id_ciudad`);
--
-- Base de datos: `tallerrd`
--
CREATE DATABASE IF NOT EXISTS `tallerrd` DEFAULT CHARACTER SET utf8mb4 COLLATE utf8mb4_0900_ai_ci;
USE `tallerrd`;

-- --------------------------------------------------------

--
-- Estructura de tabla para la tabla `clientes`
--

CREATE TABLE `clientes` (
  `id_cliente` int NOT NULL,
  `nombre` varchar(100) NOT NULL,
  `telefono` varchar(20) NOT NULL,
  `direccion` varchar(150) DEFAULT NULL,
  `email` varchar(100) DEFAULT NULL,
  `creado_en` timestamp NULL DEFAULT CURRENT_TIMESTAMP
) ENGINE=InnoDB DEFAULT CHARSET=utf8mb4 COLLATE=utf8mb4_0900_ai_ci;

--
-- Volcado de datos para la tabla `clientes`
--

INSERT INTO `clientes` (`id_cliente`, `nombre`, `telefono`, `direccion`, `email`, `creado_en`) VALUES
(1, 'Pedro Martinez', '8095552222', 'Santo Domingo', 'pedro@gmail.com', '2026-05-08 13:37:34'),
(2, 'Maria Lopez', '8091234567', 'San Cristobal', 'maria@gmail.com', '2026-05-08 14:34:18'),
(3, 'Gracia Mosquea', '846-626-8091', 'Nigua San cristobal', 'gracia05mosquea@gmail.com', '2026-05-08 15:36:27'),
(4, 'maria eyes', '809-915-7866', 'haina ', 'graciamosquea91@gmail.com', '2026-05-08 15:59:31');

-- --------------------------------------------------------

--
-- Estructura de tabla para la tabla `detalle_orden`
--

CREATE TABLE `detalle_orden` (
  `id_detalle` int NOT NULL,
  `id_orden` int NOT NULL,
  `id_producto` int NOT NULL,
  `cantidad` int NOT NULL,
  `precio_unitario` decimal(10,2) NOT NULL,
  `subtotal` decimal(10,2) NOT NULL
) ENGINE=InnoDB DEFAULT CHARSET=utf8mb4 COLLATE=utf8mb4_0900_ai_ci;

--
-- Volcado de datos para la tabla `detalle_orden`
--

INSERT INTO `detalle_orden` (`id_detalle`, `id_orden`, `id_producto`, `cantidad`, `precio_unitario`, `subtotal`) VALUES
(1, 1, 1, 1, 500.00, 500.00);

-- --------------------------------------------------------

--
-- Estructura de tabla para la tabla `ordenes_servicio`
--

CREATE TABLE `ordenes_servicio` (
  `id_orden` int NOT NULL,
  `id_vehiculo` int NOT NULL,
  `id_servicio` int NOT NULL,
  `fecha` date NOT NULL,
  `descripcion_trabajo` text NOT NULL,
  `estado` enum('EN_PROCESO','COMPLETADO','ENTREGADO') DEFAULT 'EN_PROCESO',
  `total_aprobado` decimal(10,2) NOT NULL
) ENGINE=InnoDB DEFAULT CHARSET=utf8mb4 COLLATE=utf8mb4_0900_ai_ci;

--
-- Volcado de datos para la tabla `ordenes_servicio`
--

INSERT INTO `ordenes_servicio` (`id_orden`, `id_vehiculo`, `id_servicio`, `fecha`, `descripcion_trabajo`, `estado`, `total_aprobado`) VALUES
(1, 1, 1, '2026-05-08', 'Cambio de aceite completo', 'EN_PROCESO', 2500.00),
(2, 2, 1, '2026-05-08', 'Cambio completo de aceite y revisión general', 'EN_PROCESO', 3500.00),
(3, 3, 2, '2026-05-08', 'Cambiar freno', 'EN_PROCESO', 15.00),
(4, 4, 3, '2026-05-08', 'detalle del vehiculo', 'EN_PROCESO', 15.00);

-- --------------------------------------------------------

--
-- Estructura de tabla para la tabla `productos`
--

CREATE TABLE `productos` (
  `id_producto` int NOT NULL,
  `nombre` varchar(100) NOT NULL,
  `precio` decimal(10,2) NOT NULL,
  `stock` int DEFAULT '0'
) ENGINE=InnoDB DEFAULT CHARSET=utf8mb4 COLLATE=utf8mb4_0900_ai_ci;

--
-- Volcado de datos para la tabla `productos`
--

INSERT INTO `productos` (`id_producto`, `nombre`, `precio`, `stock`) VALUES
(1, 'Filtro de aceite', 500.00, 10);

-- --------------------------------------------------------

--
-- Estructura de tabla para la tabla `servicios`
--

CREATE TABLE `servicios` (
  `id_servicio` int NOT NULL,
  `nombre` varchar(100) NOT NULL,
  `descripcion` varchar(200) DEFAULT NULL
) ENGINE=InnoDB DEFAULT CHARSET=utf8mb4 COLLATE=utf8mb4_0900_ai_ci;

--
-- Volcado de datos para la tabla `servicios`
--

INSERT INTO `servicios` (`id_servicio`, `nombre`, `descripcion`) VALUES
(1, 'Cambio de aceite', 'Cambio de aceite y filtro'),
(2, 'Frenos', 'Revisión y reparación de frenos'),
(3, 'Diagnóstico', 'Chequeo general del vehículo'),
(4, 'Alineación y Balanceo', 'Servicio de alineación y balanceo');

-- --------------------------------------------------------

--
-- Estructura de tabla para la tabla `usuarios`
--

CREATE TABLE `usuarios` (
  `id_usuario` int NOT NULL,
  `nombre` varchar(100) NOT NULL,
  `email` varchar(100) NOT NULL,
  `password` varchar(255) NOT NULL,
  `creado_en` timestamp NULL DEFAULT CURRENT_TIMESTAMP
) ENGINE=InnoDB DEFAULT CHARSET=utf8mb4 COLLATE=utf8mb4_0900_ai_ci;

--
-- Volcado de datos para la tabla `usuarios`
--

INSERT INTO `usuarios` (`id_usuario`, `nombre`, `email`, `password`, `creado_en`) VALUES
(1, 'Administrador', 'admin@gmail.com', 'TallerRD2026*', '2026-05-08 13:34:44');

-- --------------------------------------------------------

--
-- Estructura de tabla para la tabla `vehiculos`
--

CREATE TABLE `vehiculos` (
  `id_vehiculo` int NOT NULL,
  `placa` varchar(20) NOT NULL,
  `marca` varchar(50) NOT NULL,
  `modelo` varchar(50) NOT NULL,
  `anio` int DEFAULT NULL,
  `id_cliente` int NOT NULL,
  `creado_en` timestamp NULL DEFAULT CURRENT_TIMESTAMP
) ENGINE=InnoDB DEFAULT CHARSET=utf8mb4 COLLATE=utf8mb4_0900_ai_ci;

--
-- Volcado de datos para la tabla `vehiculos`
--

INSERT INTO `vehiculos` (`id_vehiculo`, `placa`, `marca`, `modelo`, `anio`, `id_cliente`, `creado_en`) VALUES
(1, 'B123456', 'Honda', 'Civic', 2018, 1, '2026-05-08 13:37:46'),
(2, 'C987654', 'Toyota', 'Corolla', 2020, 2, '2026-05-08 14:36:56'),
(3, '1458921', 'Kia', 'Sorento', 2015, 3, '2026-05-08 15:36:58'),
(4, '1356368', 'nissan', 'demion', 2018, 4, '2026-05-08 16:00:14');

--
-- Índices para tablas volcadas
--

--
-- Indices de la tabla `clientes`
--
ALTER TABLE `clientes`
  ADD PRIMARY KEY (`id_cliente`);

--
-- Indices de la tabla `detalle_orden`
--
ALTER TABLE `detalle_orden`
  ADD PRIMARY KEY (`id_detalle`),
  ADD KEY `id_orden` (`id_orden`),
  ADD KEY `id_producto` (`id_producto`);

--
-- Indices de la tabla `ordenes_servicio`
--
ALTER TABLE `ordenes_servicio`
  ADD PRIMARY KEY (`id_orden`),
  ADD KEY `id_vehiculo` (`id_vehiculo`),
  ADD KEY `id_servicio` (`id_servicio`);

--
-- Indices de la tabla `productos`
--
ALTER TABLE `productos`
  ADD PRIMARY KEY (`id_producto`);

--
-- Indices de la tabla `servicios`
--
ALTER TABLE `servicios`
  ADD PRIMARY KEY (`id_servicio`);

--
-- Indices de la tabla `usuarios`
--
ALTER TABLE `usuarios`
  ADD PRIMARY KEY (`id_usuario`),
  ADD UNIQUE KEY `email` (`email`);

--
-- Indices de la tabla `vehiculos`
--
ALTER TABLE `vehiculos`
  ADD PRIMARY KEY (`id_vehiculo`),
  ADD UNIQUE KEY `placa` (`placa`),
  ADD KEY `id_cliente` (`id_cliente`);

--
-- AUTO_INCREMENT de las tablas volcadas
--

--
-- AUTO_INCREMENT de la tabla `clientes`
--
ALTER TABLE `clientes`
  MODIFY `id_cliente` int NOT NULL AUTO_INCREMENT, AUTO_INCREMENT=5;

--
-- AUTO_INCREMENT de la tabla `detalle_orden`
--
ALTER TABLE `detalle_orden`
  MODIFY `id_detalle` int NOT NULL AUTO_INCREMENT, AUTO_INCREMENT=2;

--
-- AUTO_INCREMENT de la tabla `ordenes_servicio`
--
ALTER TABLE `ordenes_servicio`
  MODIFY `id_orden` int NOT NULL AUTO_INCREMENT, AUTO_INCREMENT=5;

--
-- AUTO_INCREMENT de la tabla `productos`
--
ALTER TABLE `productos`
  MODIFY `id_producto` int NOT NULL AUTO_INCREMENT, AUTO_INCREMENT=2;

--
-- AUTO_INCREMENT de la tabla `servicios`
--
ALTER TABLE `servicios`
  MODIFY `id_servicio` int NOT NULL AUTO_INCREMENT, AUTO_INCREMENT=5;

--
-- AUTO_INCREMENT de la tabla `usuarios`
--
ALTER TABLE `usuarios`
  MODIFY `id_usuario` int NOT NULL AUTO_INCREMENT, AUTO_INCREMENT=2;

--
-- AUTO_INCREMENT de la tabla `vehiculos`
--
ALTER TABLE `vehiculos`
  MODIFY `id_vehiculo` int NOT NULL AUTO_INCREMENT, AUTO_INCREMENT=5;

--
-- Restricciones para tablas volcadas
--

--
-- Filtros para la tabla `detalle_orden`
--
ALTER TABLE `detalle_orden`
  ADD CONSTRAINT `detalle_orden_ibfk_1` FOREIGN KEY (`id_orden`) REFERENCES `ordenes_servicio` (`id_orden`),
  ADD CONSTRAINT `detalle_orden_ibfk_2` FOREIGN KEY (`id_producto`) REFERENCES `productos` (`id_producto`);

--
-- Filtros para la tabla `ordenes_servicio`
--
ALTER TABLE `ordenes_servicio`
  ADD CONSTRAINT `ordenes_servicio_ibfk_1` FOREIGN KEY (`id_vehiculo`) REFERENCES `vehiculos` (`id_vehiculo`),
  ADD CONSTRAINT `ordenes_servicio_ibfk_2` FOREIGN KEY (`id_servicio`) REFERENCES `servicios` (`id_servicio`);

--
-- Filtros para la tabla `vehiculos`
--
ALTER TABLE `vehiculos`
  ADD CONSTRAINT `vehiculos_ibfk_1` FOREIGN KEY (`id_cliente`) REFERENCES `clientes` (`id_cliente`);
COMMIT;

/*!40101 SET CHARACTER_SET_CLIENT=@OLD_CHARACTER_SET_CLIENT */;
/*!40101 SET CHARACTER_SET_RESULTS=@OLD_CHARACTER_SET_RESULTS */;
/*!40101 SET COLLATION_CONNECTION=@OLD_COLLATION_CONNECTION */;
